{"cameraMode":{"drawMode":0,"name":"Shaded","section":"Shading Mode"},"sceneLighting":true,"audioPlay":false,"sceneViewState":{"showFog":true,"showMaterialUpdate":false,"showSkybox":true,"showFlares":true,"showImageEffects":true,"showParticleSystems":true},"in2DMode":false,"pivot":{"x":20.41717529296875,"y":-185.25442504882813,"z":58.113285064697269},"rotation":{"x":0.009703077375888825,"y":-0.6952847838401794,"z":0.009385267272591591,"w":0.7186151146888733},"size":148.9289093017578,"orthographic":true}